[
  {
    "nama_perusahaan": "PT. KASEN INDONESIA",
    "alamat": "EJIP Industrial Park, Plot 8K-, 1,~Kel. Sukaresmi, Kec., Cikarang Selatan, 300, 5, 402",
    "kawasan_kecamatan": "EJIP"
  },
  {
    "nama_perusahaan": "PT. EAGLE INDUSTRY",
    "alamat": "INDONESIA, EJIP Industrial Park Plot 7 G4, Desa Sukaresmi, Kec. Cikarang, Selatan, 100, -, 403, PT. SANYO SPECIAL STEEL, INDONESIA, Kawasan Industri MM2100, Blok T-6-2, Desa Gandamekar, Kecamatan Cikarang Barat, 100, 1, 404, PT. TOYO INK INDONESIA, Plaza Mutiara, Lt.6, Suite 601, Jl. Lingkar Mega Kuningan, 100, 1, , , R A H A S I A, , , R A H A S I A, 162, , 1, 2, 3, 4, 5, 405, PT. SUGITY CREATIVES, Kawasan lndustri MM2100, Blok J No. 17-18, Cikarang, Barat, 100, 1, 406, PT. NIPPON ELECTRIC, GLASS INDONESIA, Jl. Jababeka IV Blok V. 10-33, V. 44-63, Lemahabang, Bekasi, 17530, 50, -, 407, PT. KOHNO INDONESIA, EJIP Industrial Park, Plot 4K-2, Desa Sukaresmi, Kec. Cikarang, Selatan, 100, -, 408, PT. WING INDONESIA, EJIP Industri Park Plot 7J-1, Lemahabang, Bekasi 17550, 100, -, 409, PT. YKK ZIPPER INDONESIA, Jl. R.P Soeroso No. 7 Jakarta, Pusat 10330, 400, 2, 410, PT. HI-TECH INK INDONESIA, Kawasan Industri Delta Silicon, Jl Akasia I Blok A8-2, Lippo, City, Cikarang, Bekasi 17550, 100, 1, 411, PT. DAYANI GARMENT, INDONESIA, Jl. Raya Narogong Km.11, Kelurahan Bantar Gebang, Kecamatan Bantar Gebang, Bekasi, 100, 1, 412, PT. JFE SHOJI STEEL, INDONESIA, MM2100 Industrial Town, Block, B-4-2, Desa Gandamekar, Cikarang Barat, 200, -, 413, PT. YKK ZIPPER INDONESIA, Jl. R.P Soeroso No. 7 Jakarta, Pusat 10330, 100, 2, 414, PT. TMP INDONESIA, EJIP Industrial Park Plot 3 G, Cikarang Selatan Bekasi 17550, 100, 4, 415, PT. YASUFUKU INDONESIA, Kawasan Industri Jababeka I, Jl. Jababeka VII Blok K 7C, Desa Harjamekar, Kecamatan, Cikarang Utara, Bekasi 17530, 100, 2, 416, PT. AISIN INDONESIA, Kawasan Industri EJIP Plot 5 J, Jln. Cikarang Selatan, 200, 1, 417, PT. GLOBAL STEEL, INDONESIA, SFB Blok V/81C, Kawasan, Industri Jababeka Bekasi 17530, JAWA BARAT, 100, -",
    "kawasan_kecamatan": "Jababeka"
  },
  {
    "nama_perusahaan": "PT. KURITA INDONESIA",
    "alamat": "Kawasan Industri, Jababeka~~Jln. Jababeka XII A, Kav. V-6, Cikarang, Bekasi -, 17530~~, 100, 3",
    "kawasan_kecamatan": "Jababeka"
  },
  {
    "nama_perusahaan": "PT. POSMI STEEL",
    "alamat": "INDONESIA, Kawasan Industri MM 2100, Jl., Sulawesi I Blok H-4-1, Ganda, Mekar, Cikarang Barat, Bekasi, 17520, 100, -, 420, PT. MURAMOTO, ELEKTRONIKA INDO., EJIP INDUSTRIAL PARK PLOT, 9J, Lemahabang, Bekasi, 200, 3, 421, PT. MEIRITSU INDONESIA, EJIP Industrial Park Plot 6B-1, Lemahabang, Bekasi 17550, Jawa Barat, 100, 2, 422, PT. SHINTO KOGYO, INDONESIA, Kawasan Industri MM2100 Blok, J-17-2Kp. Mariuk RT. 002 / RW., 009/III,Desa Gandasari, Kec., Cikarang Barat,Bekasi 17520, 200, 3",
    "kawasan_kecamatan": "MM2100"
  },
  {
    "nama_perusahaan": "PT. NOF MAS CHEMICAL",
    "alamat": "INDUSTRIES, Kawasan Industri Bekasi Fajar, Blok D-1 Mekarwangi, MM, 2100, Industrial Town Phase III, Cibitung, 200, 2, , , R A H A S I A, , , R A H A S I A, 163, , 1, 2, 3, 4, 5, 424, PT. ASNO HORIE, INDONESIA, EJIP Industrial Park Plot 8K-, 2,~Desa Sukaresmi, Kec., Cikarang Selatan, 200, 3, 425",
    "kawasan_kecamatan": "EJIP"
  },
  {
    "nama_perusahaan": "PT. PANASONIC GOBEL",
    "alamat": "ENERGY INDONESIA, Kawasan Industri Gobel, Jl., Teuku Umar Km. 44, Telaga, Asih, Cikarang Barat, Bekasi, 17520, 300, 4, 426, PT. HINODHIKA GURINDA, JAYA, JL Jababeka XI SFB Blok K9F, Cikarang, Bekasi, 200, 2, 427, PT. MITSUKAWA ELECTRIC, INDONESIA, East Jakarta Industrial Park, (EJIP) Plot 3 G, Lemahabang, BEKASI, 200, 3, 428, PT. FUMIRA, Wisma Argo Manunggal Lt., 9,~Jl. Jend. Gatot Subroto Kav., 22,~Kel. Karet Semanggi, Kec., Setiabudi, 200, 3",
    "kawasan_kecamatan": "Jababeka"
  },
  {
    "nama_perusahaan": "PT. INDONESIA TOPPAN",
    "alamat": "PRINTING, Jl. Raya Teuku Umar Km. 44,~, Desa Telaga Asih, Cikarang, Barat, 300, 4",
    "kawasan_kecamatan": "Lainnya"
  },
  {
    "nama_perusahaan": "PT. TAKAYAMA REED",
    "alamat": "INDONESIA, Jl. Jababeka VI Blok J No. 5E, Cikarang, 200, 2, 431, PT. NUSA TOYOTETSU, Kawasan Industri MM 2100, Jl., Bali I, Blok J-12, 14, 15 BEKASI, 100, -, 432, PT. MITSUYOSHI, MANUFACTURING, INDONESIA, Jl. Jababeka SFB Blok V-86 A-, B, Cikarang Industrial Estate, 200, 4, 433, PT. KAJI MACHINERY, INDONESIA, Kawasan Industri East Jakarta, Industrial Park(EJIP), Plot 5L-2, Kec. Cikarang Selatan, 200, -, 434, PT. HI-TECH DESIGN LAB, ENGINEERING UTAMA, Cikarang Industrial Estate, Jl., Jababeka II, TOB Blok C No. 17, A, LemahAbang Bekasi 17530, 300, 3, 435, PT. NEC, SEMICONDUCTORS, INDONESIA, EJIP Industrial Park Plot 5 E, Cikarang Selatan Bekasi 17550, 200, 3, 436, PT. ASTOM INDONESIA, EJIP Industrial Park Plot 6C-2, Cikarang Selatan, BEKASI, 300, 4, 437, PT. BRIDGESTONE TIRE, INDONESIA, The Plaza Office Tower Lantai, 11,~ Jl. M.H. Thamrin Kav. 28-, 30,~ Kel. Gondangdia, Kec., Menteng, 100, -",
    "kawasan_kecamatan": "Jababeka"
  },
  {
    "nama_perusahaan": "PT. VIDEO DISPLAY GLASS",
    "alamat": "INDONESIA, Kawasan Industri Cikarang, Jababeka Tahap II, Kav. Blok, PP Jl. Industri Selatan No. 4, 100, -, 439, PT. ALVINY INDONESIA, Kawasan Industri EJIP Plot 6L, Lemahabang, 100, 2, 440, PT. PATCO ELEKTRONIK, TEKNOLOGI, Kawasan Industri Delta Solicon, III, Jl. Pinang, Blok. F20 No., 16C & 16D,Lippo Cikarang, 200, 2, 441, PT. MITSUBISHI ELECTRIC, AUTOMOTIVE INDONESIA, Bekasi International Industrial, Estate, Blok C-11 No.1-5, Desa, Cibatu, Kec. Cikarang Selatan, 200, 4, 442, PT. YAMAMOTO KEIKI, INDONESIA, Jl. Akasia I, Blok A-5, No., 1B,~Delta Silicon, Lippo, Cikarang,~Desa Sukaresmi, Kec. Cikarang Selatan, 200, 4",
    "kawasan_kecamatan": "Jababeka"
  },
  {
    "nama_perusahaan": "PT. HITACHI",
    "alamat": "CONSTRUCTION, MACHINERY INDONESIA, Jl. Raya Cibitung Km. 48,8, Desa Kalijaya, Kecamatan, Cikarang Barat, Bekasi 17520, 200, 4, 444, PT. SARI TAKAGI ELOK, PRODUK, Kawasan Industri Jababeka 5-, Cikarang Blok A 1 B, Desa, Jayamukti, Kec. Cikarang Pusat, 100, -, 445, PT. STANDARD INDONESIA, INDUSTRY, Kawasan EJIP Industrial Park, Plot 1F-1, Lemahabang, Cikarang Selatan, 100, -, 446, PT. KASHIMA SEIKI, INDONESIA, Kawasan Industri Cikarang, Jl., Jababeka SFB Blok T No. 2-1, Bekasi 17530, 100, 2, 447, PT. HEXA INDONESIA, East Jakarta Industrial Park, (EJIP) Plot 6 J-2, Cikarang, Selatan, Bekasi 17550, 300, 3, 448, PT. SANYO ELECTRONICS, INDONESIA, Kawasan Industri EJIP, Plot 1A-, 3,~Kel. Sukaresmi, Kec., Cikarang Selatan, 100, 2, 449",
    "kawasan_kecamatan": "Jababeka"
  },
  {
    "nama_perusahaan": "PT. OCHIAI MENARA",
    "alamat": "INDONESIA, Kawasan Industri Jababeka,~Jl., Jababeka V Blok I/3, Cikarang, 300, 1, 450",
    "kawasan_kecamatan": "Jababeka"
  },
  {
    "nama_perusahaan": "PT. PANASONIC",
    "alamat": "ELECTRONIC DEVICES, INDONESIA, Jl Teuku Umar Km 44 Cibitung, Bekasi 17520, 200, 4, 451, PT. NYK NEW WAVE, WAREHOUSING INDONESIA, Kawasan Industri MM2100 Blok, J-10, Gandamekar, Cibitung, Bekasi 17520, 300, -, 452, PT. NIHON CHEMICAL, INDONESIA, Kawasan Industri MM2100, Jl., Irian II Blok FF4, Desa Danau, Indah, Kec. Cikarang Barat, 200, 3, 453, PT. TENMA INDONESIA, Delta Silikon Industrial Park, Jl., Kruing 3 Blok L8-5A, Desa, Sukaresmi ~Kecamatan, Cikarang Selatan, 300, 3, 454",
    "kawasan_kecamatan": "MM2100"
  },
  {
    "nama_perusahaan": "PT. MATSUSHITA KOTOBUKI",
    "alamat": "ELECTRONICS, PERIPHERALS, Batamindo Industrial Park, Muka Kuning, Jl. Beringin Lot, 209-210, 200, 2, 455, PT. AKURABENITAMA, Jl. Alexindo RT. 005 / RW. 016, Kelurahan Harapan Jaya, Kecamatan Bekasi Utara, Bekasi 17125, 100",
    "kawasan_kecamatan": "Bekasi"
  },
  {
    "nama_perusahaan": "PT. MYOJO PRIMA LESTARI",
    "alamat": "Jl. H.R. Rasuna Said Kav. 5 - 6, X-2 Kuningan, 200, -, 457, PT. SUZUKI INDOMOBIL, MOTOR, Wisma Indomobil Lantai 8, ~Jl., MT. Haryono Kav. 8,~Jakarta, Selatan 13330, 800, 9",
    "kawasan_kecamatan": "Lainnya"
  },
  {
    "nama_perusahaan": "PT. YAMAHA MUSIC",
    "alamat": "MANUFACTURING ASIA, Kawasan Industri MM 2100, Blok EE-3,Desa Danau Indah, Kec. Cikarang Barat, 200, 1, 459, PT. PANEL BAKTI, SINARINDO, Jl. Jababeka XIV, Standard, Factory Building, Blok J-11-1, Cikarang Industrial Estate, 200, -, 460, PT. CABININDO PUTRA, Jl. Toyogiri Selatan, Ds., Jatimulya, Tambun Selatan, 100, -, 461, PT. EAST JAKARTA, INDUSTRIAL PARK, Kawasan Industri EJIP Plot, 3A,~Desa Sukaresmi, Kec., Cikarang Selatan, 100, -",
    "kawasan_kecamatan": "Jababeka"
  },
  {
    "nama_perusahaan": "PT. KOMPONINDO",
    "alamat": "BETONJAYA, Jl. Raya Cikarang-Cibarusah, No. 99, Sukaresmi, Cikarang, Selatan Bekasi 17550, 100, -, 463, PT. YAMANI SPRING, INDONESIA, Jl. Kawasan EJIP Industrial, Park Plot 8C/A1-A2 Kel., Sukaresmi, Kec. Cikarang, Selatan, Bekasi, 200, 2",
    "kawasan_kecamatan": "EJIP"
  },
  {
    "nama_perusahaan": "PT. YAMANI SPRING",
    "alamat": "INDONESIA, Jl. Kawasan EJIP Industrial, Park Plot 8C/A1-A2 Kel., Sukaresmi, Kec. Cikarang, Selatan, Bekasi, 100, 2",
    "kawasan_kecamatan": "EJIP"
  },
  {
    "nama_perusahaan": "PT. SLIONTEC EKADHARMA",
    "alamat": "INDONESIA, Kawasan Industri MM2100, Blok 00-1, Desa Jatiwangi, Kec., Cikarang Barat, 200, -, 466, PT. KAWASHIMA, ENGINEERING PLASTIC, INDONESIA, Kawasan Industri MM 2100, Blok T-9, Jl.. Bali Cikarang, Barat, 200, 2, 467, PT. MURAMOTO, ELEKTRONIKA INDO., EJIP INDUSTRIAL PARK PLOT, 9J, Lemahabang, Bekasi, 200, -, 468, PT. NOK INDONESIA, Kawasan Industri MM2100,~Jl., Sulawesi II Blok F-3,~Desa, Ganda Mekar, Kec. Cikarang, Barat, 100",
    "kawasan_kecamatan": "MM2100"
  },
  {
    "nama_perusahaan": "PT. CHIYODA KOGYO",
    "alamat": "INDONESIA, Kawasan Industri Jababeka II, SFB Blok JJ No. 18, Cikarang, 100, 1, 470, PT. SAKURA JAVA, INDONESIA, Kawasan EJIP Industri Park, Plot 5E, Desa Sukaresmi, Kec., Cikarang Selatan, 200, 2, 471, PT. OTICS INDONESIA, Kawasan Industri EJIP, Industrial Park Plot 5, C-1, Desa Sukaresmi, Kec. Cikarang, Selatan, 100, 2, 472, PT. FUKOKU TOKAI RUBBER, INDONESIA, Jl. Industri Selatan 6A Blok GG, 6 A-F, Kawasan Industri, Jababeka-Cikarang, Desa, Pasirsari, Kec. Cikarang, Selatan, 200, 2, 473, PT. MATSUSHITA KOTOBUKI, ELECTRONICS, PERIPHERALS, Batamindo Industrial Park, Muka Kuning, Jl. Beringin Lot, 209-210, 300, 2, 474, PT. YKK ZIPCO INDONESIA, Jl. R.P. Soeroso No. 7, Cikini, Menteng, 200, , 475, PT. YUTAKA, MANUFACTURING, INDONESIA, Kawasan Industri MM2100, Industrial Town, Jl. Sulawesi I, Blok H-4, Cikarang Barat, Bekasi, Jawa Barat, 200, 2, 476, PT. MEGALOPOLIS, MANUNGGAL INDUSTRIAL, DEVELOPMENT, Kawasan Industri MM 2100 Kp., Mariuk RT. 002/RW. 009/ III, Desa Gandasari, Kec. Cikarang, Barat, 100, -",
    "kawasan_kecamatan": "Jababeka"
  },
  {
    "nama_perusahaan": "PT. ASAHI GLASS",
    "alamat": "MACHINERY INDONESIA, Jln. Jababeka SFB Blok J11-I, Cikarang Industrial Estate, Bekasi 17530, 200, 1, 478, PT. KIRIU INDONESIA, Kampung Jarakosta, RT. 007/, RW. 001, Sukadanau, Cibitung, 100, -",
    "kawasan_kecamatan": "Jababeka"
  },
  {
    "nama_perusahaan": "PT. FUKUSUKE KOGYO",
    "alamat": "INDONESIA, Kawasan Berikat MM2100, Industrial Town Blok M-3-2, ~Ganda Mekar, Cikarang Barat, Bekasi 17520, 200, 1, 480",
    "kawasan_kecamatan": "MM2100"
  },
  {
    "nama_perusahaan": "PT. NIPPON ELECTRIC",
    "alamat": "GLASS INDONESIA, Jl. Jababeka IV Blok V. 10-33, V. 44-63, Lemahabang, Bekasi, 300, 2, 481, PT. HI-TECH INK INDONESIA, Kawasan Industri Delta Silicon, Jl Akasia I Blok A8-2, Lippo, City, Cikarang, Bekasi 17550, 300, 2, 482, PT. DENSO INDONESIA, Jl. Gaya Motor I No. 6, Sunter, II,~Kel. Sungai Bambu, ~Kec., Tanjung Priok, Jakarta, 400, 3, 483",
    "kawasan_kecamatan": "Jababeka"
  },
  {
    "nama_perusahaan": "PT. MUSASHI AUTO PARTS",
    "alamat": "INDONESIA, Kawasan Industri, Suryacipta,~Jl. Surya Madya, Kav. I-36 BC,~Desa, Kutanegara, Kec. Ciampel, 300, 6",
    "kawasan_kecamatan": "Lainnya"
  },
  {
    "nama_perusahaan": "PT. MATSUSHITA KOTOBUKI",
    "alamat": "ELECTRONICS, PERIPHERALS, Batamindo Industrial Park, Muka Kuning, Jl. Beringin Lot, 209-210, 200, -, 485, PT. YAMANI SPRING, INDONESIA, Jl. Kawasan EJIP Industrial, Park Plot 8C/A1-A2 Kel., Sukaresmi, Kec. Cikarang, Selatan, Bekasi, 100, -",
    "kawasan_kecamatan": "EJIP"
  },
  {
    "nama_perusahaan": "PT. KANSAI PAINT",
    "alamat": "INDONESIA, Kawasan Industri MM2100, Blok DD-7 dan DD-6 Jl. Irian, No. 9D, Cikarang Barat, 200, -, 487, PT. SANSYU PRECISION, INDONESIA, Kawasan EJIP Industrial Park, Plot 8C/A4-5, Desa Sukaresmi, Kec. Cikarang Selatan, 200, -, 488",
    "kawasan_kecamatan": "MM2100"
  },
  {
    "nama_perusahaan": "PT. KEEP INDONESIA",
    "alamat": "SFB Building Blok U-, 29A,Cikarang Idustrial Estate, Jln, Babeka XVII-D, Cikarang, BEKASI 17530, 200, 1, 489, PT. KEEP INDONESIA, SFB Building Blok U-, 29A,Cikarang Idustrial Estate, Jln, Babeka XVII-D, Cikarang, BEKASI 17530, 200, 1, 490, PT. ASAHI CIPTA PRIMA, JL Industri Selatan I Kel, Pasirsari Kec Cikarang Selatan, Bekasi, Jawa Barat, 200, 2, 491, PT. INDONESIA TRC, INDUSTRY, Kawasan Industri EJIP Park, Plot 8 C/B-3, B-4, Desa, Sukaresmi, Kec. Cikarang, Selatan, 400, 2",
    "kawasan_kecamatan": "EJIP"
  },
  {
    "nama_perusahaan": "PT. HANWA KIMIA",
    "alamat": "INDONESIA, Jln. H.R Rasuna Said Kav. B-, 29, Jakarta Selatan 12910, 300, 2, 493, PT. YAMATORI INDONESIA, NAKAYAMA, d/a. Jl. Kemang Raya No. 49F, Kav. VI, 200, 1, 494",
    "kawasan_kecamatan": "Lainnya"
  },
  {
    "nama_perusahaan": "PT. MANDOM INDONESIA",
    "alamat": "TBK., Jl. Yoa Sudarso, Bay Pass, RT., 008/RW. 011, Kel. Sunter Jaya, Kec. Tanjung Priok, 400, 3, 495",
    "kawasan_kecamatan": "Lainnya"
  },
  {
    "nama_perusahaan": "PT. UMEDA KOGYO",
    "alamat": "INDONESIA, Kawasan Industri MM2100, Jl., Bali I Blok T-I,~Ganda Mekar, Cikarang Barat, 200, 1, 496",
    "kawasan_kecamatan": "MM2100"
  },
  {
    "nama_perusahaan": "PT. WORLDWIDE",
    "alamat": "INDONESIA, Jl. Timor Blok C3-15 & C3-16<, Kawasan Industri MM2100, Desa Mekarwangi, Cikarang, Barang, Bekasi 17845, 200",
    "kawasan_kecamatan": "MM2100"
  },
  {
    "nama_perusahaan": "PT. DISPLAY DEVICES",
    "alamat": "INDONESIA, East Jakarta Industrial Park Plot, 3G Lemahanang Bekasi, 200, -, 498, PT. TAIYO TOSHIN, INDONESIA, Kawasan Industri MM2100~ Jl., Lombok I Blok N-16-19, ~Cikarang Barat, 200, 2",
    "kawasan_kecamatan": "MM2100"
  },
  {
    "nama_perusahaan": "PT. KAO INDONESIA",
    "alamat": "Jl. MT. Haryono Kav. 39-, 40,~Kel. Cikoko, Kec., Pancoran,~Jakarta Selatan, 12770, 400, 6",
    "kawasan_kecamatan": "Lainnya"
  },
  {
    "nama_perusahaan": "PT. PROGRESS TOYO",
    "alamat": "(INDONESIA), Kawasan Industri MM 2100, Blok E 2-1,~Cikarang Barat, 200, 2, 501, PT. NEC INDONESIA",
    "kawasan_kecamatan": "MM2100"
  },
  {
    "nama_perusahaan": "PT. NYK NEW WAVE",
    "alamat": "LOGISTICS INDONESIA, Kawasan industri MM2100 Blok, EE-4, Desa Danau Indah, Cikarang Barat, Bekasi 17520, 300, 2, 503, PT. YKT GEAR INDONESIA, Jl. Raya Kampung Utan Setu, Rawa Banteng RT.024/RW.011, Cibitung, Bekasi, 200, 2, 504",
    "kawasan_kecamatan": "MM2100"
  },
  {
    "nama_perusahaan": "PT. MITSUYOSHI",
    "alamat": "MANUFACTURING, INDONESIA, Jl. Jababeka SFB Blok V-86 A-, B, Cikarang Industrial Estate, 300, 3, 505, PT. ARTOKAYA INDONESIA, Kawasan Industri Jababeka II, Blok QQ/11, Pasirsari, Cikarang, Selatan, Bekasi 17530, 100, 2, 506",
    "kawasan_kecamatan": "Jababeka"
  },
  {
    "nama_perusahaan": "PT. NICHIAS METALWORKS",
    "alamat": "INDONESIA, Kawasan Industri Sarana, Terpadu, Jl. Raya Industri, KM.2, Pasir Gombong, Cikarang Utara, Bekasi, 100, 2, 507, PT. KOYO JAYA INDONESIA, Kawasan Industri MM2100, ~Jl., Lombok Blok N-3,4,5,6,7, Cikarang Barat, 200, 4",
    "kawasan_kecamatan": "MM2100"
  },
  {
    "nama_perusahaan": "PT. TOYO SEAL INDONESIA",
    "alamat": "Kawasan Industri MM2100, Blok O-5, 10-11, Cibitung, Bekasi 17520, 300, 4, 509, PT. TPR ENPLA INDONESIA, Kawasan Industri MM2100Blok, LL-4, Cikarang Barat Bekasi, 17520, 400, 4, 510, PT. KOMPONEN FUTABA, NUSAPERSADA, Gedung Merpati Lantai II No. 2, B,~ Jl. Angkasa Blok B-15, Kav., 2-3,~ Kel. Gunung Sahari, Kec., Kemayoran, 300, 4",
    "kawasan_kecamatan": "MM2100"
  },
  {
    "nama_perusahaan": "PT. SARI TAKAGI ELOK",
    "alamat": "PRODUK, Kawasan Industri Jababeka 5-, Cikarang Blok A 1 B, Desa, Jayamukti, Kec. Cikarang Pusat, 100, -, 512, PT. YUTAKA, MANUFACTURING, INDONESIA, Kawasan Industri MM2100, Industrial Town, Jl. Sulawesi I, Blok H-4, Cikarang Barat, Bekasi, Jawa Barat, 200, 2, 513, PT. MUSASHI AUTO PARTS, INDONESIA, Kawasan Industri, Suryacipta,~Jl. Surya Madya, Kav. I-36 BC,~Desa, Kutanegara, Kec. Ciampel, 600, 6",
    "kawasan_kecamatan": "Jababeka"
  },
  {
    "nama_perusahaan": "PT. KOMODA INDONESIA",
    "alamat": "EJIP Industrial Park Plot 8L-2, Cikarang Selatan, Bekasi, 100, 1, , , R A H A S I A, , , R A H A S I A, 168, , 1, 2, 3, 4, 5, 515, PT. PARKER METAL, TREATMENT INDONESIA, Kawasan Industri MM2100, Blok KK-11, Jatiwangi, Cikarang Barat, 100, 1, 516, PT. FEDERAL NITTAN, INDUSTRIES, Kawasan Industri MM2100,~Jl ., Halmahera Blok DD-9,~Desa, Danau Indah, Cikarang, Barat,~Bekasi,~Jawa Barat, 17520",
    "kawasan_kecamatan": "MM2100"
  },
  {
    "nama_perusahaan": "PT. NGK CERAMICS",
    "alamat": "INDONESIA, Kawasan Industri EJIP Plot 1J, Cikarang Selatan, Bekasi, 17550, 600, 5, 518, PT. SHINDENGEN, INDONESIA, Kawasan Industri MM2100, Blok FF-1, ~Desa Danau Indah, Kec. Cikarang Bara, 600, 6, 519",
    "kawasan_kecamatan": "MM2100"
  },
  {
    "nama_perusahaan": "PT. TOYOTA BOSHOKU",
    "alamat": "INDONESIA, Kawasan Industri MM2100, ~Jl., Jawa I Blok J-11, Gandamekar, ~Cikarang Barat, 500, 4",
    "kawasan_kecamatan": "MM2100"
  },
  {
    "nama_perusahaan": "PT. FUKUSUKE KOGYO",
    "alamat": "INDONESIA, Kawasan Berikat MM2100, Industrial Town Blok M-3-2, ~Ganda Mekar, Cikarang Barat, 300, 2, 521, PT. FUKUYAMA GIKEN",
    "kawasan_kecamatan": "MM2100"
  },
  {
    "nama_perusahaan": "PT. FUJI SEIMITSU",
    "alamat": "INDONESIA, Jl. Industri Utama Blok RR-10, Kawasan Industri Jababeka II, Cikarang,~Bekasi 17530, 300, 4, 523, PT. UNITED STEEL CENTER",
    "kawasan_kecamatan": "Jababeka"
  },
  {
    "nama_perusahaan": "PT. AICA INDONESIA",
    "alamat": "Jl. Kebon Sirih, No. 96, Kel., Gambir, Kec. Gambir, 200, 1, 525, PT. ASKA INTERNATIONAL, INDONESIA, Multi Guna Niaga Area Stage, II,~Jl. Tanjung No. 23, Kawasan, BIIE,~Lippo Cikarang, Desa, Sukaresmi,~Cikarang, Selatan,~Bekasi 17550, 200",
    "kawasan_kecamatan": "Bekasi"
  },
  {
    "nama_perusahaan": "PT. NUSANTARA ENERGY",
    "alamat": "SOLUTION, Gedung Summitmas I Lt. 16, Jl., Jend. Sudirman Kav. 61-62, Kel. Senayan, Kec. Kebayoran, Baru, Jakarta Selatan 12190, 100, 2, 527, PT. NUSANTARA ENERGY, SOLUTION, Gedung Summitmas I Lt. 16, Jl., Jend. Sudirman Kav. 61-62, Kel. Senayan, Kec. Kebayoran, Baru, Jakarta Selatan 12190, 200, 1, 528, PT. MURAMOTO, ELEKTRONIKA INDO., EJIP INDUSTRIAL PARK PLOT, 9J, Lemahabang, Bekasi, 100, -, 529, PT. YKK ZIPCO INDONESIA, Jl. R.P. Soeroso No. 7, Cikini, Menteng, 100, 3, 530, PT. NUSA TOYOTETSU, Kawasan Industri MM 2100, Jl., Bali I, Blok J-12, 14, 15 BEKASI, 100, -, 531, PT. TENMA INDONESIA, Delta Silikon Industrial Park, Jl., Kruing 3 Blok L8-5A, Desa, Sukaresmi ~Kecamatan, Cikarang Selatan, 200, 3, 532",
    "kawasan_kecamatan": "MM2100"
  },
  {
    "nama_perusahaan": "PT. AVIDISC CRESTEC",
    "alamat": "INTERINDO, Jl. Pangeran Jayakarta No. 113, Jakarta Pusat, 10730, 100, 2, , , R A H A S I A, , , R A H A S I A, 169, , 1, 2, 3, 4, 5, 533, PT. RIKEN INDONESIA, Kawasan Industri MM2100, Jl., Jawa Blok H-9, Kel. Ganda, Mekar, Kec. Cikarang Barat, Bekasi 17520, 200, 3, 534, PT. RIKEN INDONESIA, Kawasan Industri MM2100, Jl., Jawa Blok H-9, Kel. Ganda, Mekar, Kec. Cikarang Barat, Bekasi 17520, 200, 2, 535, PT. MUGAI INDONESIA, Kawasan Industri KIIC, Jl., Maligi Raya Lot. P-4A, 200, 3, 536, PT. MUGAI INDONESIA, Kawasan Industri KIIC, Jl., Maligi Raya Lot. P-4A, 300, 4, 537, PT. MT PICTURE DISPLAY, INDONESIA, Kawasan Industri EJIP Plot 3G, Sukaresmi, Cikarang Selatan, 200, 2, 538, PT. KAYABA INDONESIA, Kawasan Industri MM 2100 Jl., Jawa Blok II No. 4, Desa, Jatiwangi, Kec. Cikarang Barat, 200, 3, 539, PT. SANSYU PRECISION, INDONESIA, Kawasan EJIP Industrial Park, Plot 8C/A4-5, Desa Sukaresmi, Kec. Cikarang Selatan, 200, 3, 540",
    "kawasan_kecamatan": "MM2100"
  },
  {
    "nama_perusahaan": "PT. SANSYU PRECISION",
    "alamat": "INDONESIA, Kawasan EJIP Industrial Park, Plot 8C/A4-5, Desa Sukaresmi, Kec. Cikarang Selatan, 300, 4, 541",
    "kawasan_kecamatan": "EJIP"
  },
  {
    "nama_perusahaan": "PT. ROKI INDONESIA",
    "alamat": "Kawasan Industri MM2100 Blok, JJ-3-1, Desa Jatiwangi, Cikarang Barat, 200, 2, 542, PT. MITSUBISHI ELECTRIC, AUTOMOTIVE INDONESIA, Bekasi International Industrial, Estate, Blok C-11 No.1-5, Desa, Cibatu, Kec. Cikarang Selatan, 100, -, 543, PT. FEDERAL NITTAN, INDUSTRIES, Kawasan Industri MM2100,~Jl ., Halmahera Blok DD-9,~Desa, Danau Indah, Cikarang, Barat,~Bekasi,~Jawa Barat, 17520",
    "kawasan_kecamatan": "MM2100"
  },
  {
    "nama_perusahaan": "PT. KAWAI NIP",
    "alamat": "East Jakarta Industrial Park Plot, 4E-2, Cikarang Selatan, 300, 3, 546, PT. OTICS INDONESIA, Kawasan Industri EJIP, Industrial Park Plot 5, C-1, Desa Sukaresmi, Kec. Cikarang, Selatan, 200, 3, 547, PT. AISIN INDONESIA, Kawasan Industri EJIP Plot 5 J, Jln. Cikarang Selatan, 300, 4, 548, PT. YKK ZIPPER INDONESIA, Jl. R.P Soeroso No. 7 Jakarta, Pusat 10330, 100, -, 549, PT. OKS INDONESIA, Delta Silicon 1 Industrial Estate, Jl. Kamper No. 1, Desa, Sukaresmi, Kec. Cikarang, Selatan, 100, -, 550, PT. MANABU INDONESIA, Jl. Bambu Kuning VII No. 171, Rt.01, Rw.02, Desa Sepanjang, Jaya Kec Rawa Lumbu, Bekasi, Jawa Barat- 17114, 100, 2, , , R A H A S I A, , , R A H A S I A, 170, , 1, 2, 3, 4, 5, 551, PT. STAR TEC PACIFIC, Kawasan Industri Jababeka I, Jl. Jababeka Raya Blok K No., 1-H, Kel. Wangun Harja, Kec., Cikarang Utara, Bekasi 17530, 200, 2, 552, PT. DAIDO METAL, INDONESIA, Kawasan Industri PT. MMID, 2100 Blok M 25-26, Gandamekar, Cikarang Barat, 200, 4, 553, PT. TPR ENPLA INDONESIA, Kawasan Industri MM2100Blok, LL-4, Cikarang Barat Bekasi, 17520, 200, 4, 554, PT. KEIHIN INDONESIA, Kawasan Industri MM2100, Blok JJ-1,~Desa Jatiwangi, Kec. Cikarang Barat, 200, 4, 555",
    "kawasan_kecamatan": "Jababeka"
  },
  {
    "nama_perusahaan": "PT. KEIHIN INDONESIA",
    "alamat": "Kawasan Industri MM2100, Blok JJ-1,~Desa Jatiwangi, Kec. Cikarang Barat, 100, -, 556",
    "kawasan_kecamatan": "MM2100"
  }
]